preference_key,movie_title,star_cast,rating,year,place,vote,link
1,Sueño de fuga,"Frank Darabont (dir.), Tim Robbins, Morgan Freeman",9.234874843223784,1994,1,,/title/tt0111161/
2,El padrino,"Francis Ford Coppola (dir.), Marlon Brando, Al Pacino",9.156213875173314,1972,2,,/title/tt0068646/
3,Batman: El caballero de la noche,"Christopher Nolan (dir.), Christian Bale, Heath Ledger",8.988554072032247,2008,3,,/title/tt0468569/
4,El padrino II,"Francis Ford Coppola (dir.), Al Pacino, Robert De Niro",8.984199583163415,1974,4,,/title/tt0071562/
1,12 hombres en pugna,"Sidney Lumet (dir.), Henry Fonda, Lee J. Cobb",8.950227527116631,1957,5,,/title/tt0050083/
2,La lista de Schindler,"Steven Spielberg (dir.), Liam Neeson, Ralph Fiennes",8.937342728240768,1993,6,,/title/tt0108052/
3,El señor de los anillos: El retorno del rey,"Peter Jackson (dir.), Elijah Wood, Viggo Mortensen",8.926990052719857,2003,7,,/title/tt0167260/
4,Tiempos violentos,"Quentin Tarantino (dir.), John Travolta, Uma Thurman",8.848789629833606,1994,8,,/title/tt0110912/
1,El señor de los anillos: La comunidad del anillo,"Peter Jackson (dir.), Elijah Wood, Ian McKellen",8.807468058912583,2001,9,,/title/tt0120737/
2," El bueno, el malo y el feo","Sergio Leone (dir.), Clint Eastwood, Eli Wallach",8.791544302646496,1966,1,,/title/tt0060196/
3,Forrest Gump,"Robert Zemeckis (dir.), Tom Hanks, Robin Wright",8.767642200505197,1994,11,,/title/tt0109830/
4,El club de la pelea,"David Fincher (dir.), Brad Pitt, Edward Norton",8.74898073070395,1999,12,,/title/tt0137523/
1,El origen,"Christopher Nolan (dir.), Leonardo DiCaprio, Joseph Gordon-Levitt",8.733293780921487,2010,13,,/title/tt1375666/
2,El señor de los anillos: Las dos torres,"Peter Jackson (dir.), Elijah Wood, Ian McKellen",8.7324409361758,2002,14,,/title/tt0167261/
3,El imperio contraataca,"Irvin Kershner (dir.), Mark Hamill, Harrison Ford",8.70003122961663,1980,15,,/title/tt0080684/
4,Matrix,"Lana Wachowski (dir.), Keanu Reeves, Laurence Fishburne",8.669827047173197,1999,16,,/title/tt0133093/
1,Buenos muchachos,"Martin Scorsese (dir.), Robert De Niro, Ray Liotta",8.652032136953165,1990,17,,/title/tt0099685/
2,Atrapado sin salida,"Milos Forman (dir.), Jack Nicholson, Louise Fletcher",8.639795398030842,1975,18,,/title/tt0073486/
3,Seven,"David Fincher (dir.), Morgan Freeman, Brad Pitt",8.604200212635572,1995,19,,/title/tt0114369/
4,Los siete samuráis,"Akira Kurosawa (dir.), Toshirô Mifune, Takashi Shimura",8.599120101481933,1954,20,,/title/tt0047478/
1,¡Qué bello es vivir!,"Frank Capra (dir.), James Stewart, Donna Reed",8.595609509119905,1946,21,,/title/tt0038650/
2,El silencio de los inocentes,"Jonathan Demme (dir.), Jodie Foster, Anthony Hopkins",8.588048130778647,1991,22,,/title/tt0102926/
3,Ciudad de Dios,"Fernando Meirelles (dir.), Alexandre Rodrigues, Leandro Firmino",8.579707288814939,2002,23,,/title/tt0317248/
4,Rescatando al soldado Ryan,"Steven Spielberg (dir.), Tom Hanks, Matt Damon",8.578478145179927,1998,24,,/title/tt0120815/
1,La vida es bella,"Roberto Benigni (dir.), Roberto Benigni, Nicoletta Braschi",8.567231425379497,1997,25,,/title/tt0118799/
2,Interestelar,"Christopher Nolan (dir.), Matthew McConaughey, Anne Hathaway",8.562617385021824,2014,26,,/title/tt0816692/
3,Milagros inesperados,"Frank Darabont (dir.), Tom Hanks, Michael Clarke Duncan",8.561518090926013,1999,27,,/title/tt0120689/
4,La guerra de las galaxias,"George Lucas (dir.), Mark Hamill, Harrison Ford",8.551034131738819,1977,28,,/title/tt0076759/
1,Terminator 2: Juicio final,"James Cameron (dir.), Arnold Schwarzenegger, Linda Hamilton",8.535880630702486,1991,29,,/title/tt0103064/
2,Volver al futuro,"Robert Zemeckis (dir.), Michael J. Fox, Christopher Lloyd",8.517555500988768,1985,30,,/title/tt0088763/
3,El viaje de Chihiro,"Hayao Miyazaki (dir.), Daveigh Chase, Suzanne Pleshette",8.51605365302441,2001,31,,/title/tt0245429/
4,Psicosis,"Alfred Hitchcock (dir.), Anthony Perkins, Janet Leigh",8.508025836004485,1960,32,,/title/tt0054215/
1,El pianista,"Roman Polanski (dir.), Adrien Brody, Thomas Kretschmann",8.50614088056564,2002,33,,/title/tt0253474/
2,Parásitos,"Bong Joon Ho (dir.), Song Kang-ho, Lee Sun-kyun",8.497553839039178,2019,34,,/title/tt6751668/
3,El perfecto asesino,"Luc Besson (dir.), Jean Reno, Gary Oldman",8.496956739795191,1994,35,,/title/tt0110413/
4,El rey león,"Roger Allers (dir.), Matthew Broderick, Jeremy Irons",8.488309275649778,1994,36,,/title/tt0110357/
1,Gladiador,"Ridley Scott (dir.), Russell Crowe, Joaquin Phoenix",8.486053165595436,2000,37,,/title/tt0172495/
2,Historia americana X,"Tony Kaye (dir.), Edward Norton, Edward Furlong",8.483178702834167,1998,38,,/title/tt0120586/
3,Los infiltrados,"Martin Scorsese (dir.), Leonardo DiCaprio, Matt Damon",8.475390587776044,2006,39,,/title/tt0407887/
4,Sospechosos comunes,"Bryan Singer (dir.), Kevin Spacey, Gabriel Byrne",8.473235916135867,1995,40,,/title/tt0114814/
1,El gran truco,"Christopher Nolan (dir.), Christian Bale, Hugh Jackman",8.468720714668205,2006,41,,/title/tt0482571/
2,Whiplash: Música y obsesión,"Damien Chazelle (dir.), Miles Teller, J.K. Simmons",8.46391338312817,2014,42,,/title/tt2582802/
3,Casablanca,"Michael Curtiz (dir.), Humphrey Bogart, Ingrid Bergman",8.463776400621672,1942,43,,/title/tt0034583/
4,Amigos intocables,"Olivier Nakache (dir.), François Cluzet, Omar Sy",8.454032236731331,2011,44,,/title/tt1675434/
1,Harakiri,"Masaki Kobayashi (dir.), Tatsuya Nakadai, Akira Ishihama",8.452864376757462,1962,45,,/title/tt0056058/
2,La tumba de las luciérnagas,"Isao Takahata (dir.), Tsutomu Tatsumi, Ayano Shiraishi",8.452162771763945,1988,46,,/title/tt0095327/
3,Tiempos modernos,"Charles Chaplin (dir.), Charles Chaplin, Paulette Goddard",8.448893934912592,1936,47,,/title/tt0027977/
4,Érase una vez en el oeste,"Sergio Leone (dir.), Henry Fonda, Charles Bronson",8.445582695102996,1968,48,,/title/tt0064116/
1,La ventana indiscreta,"Alfred Hitchcock (dir.), James Stewart, Grace Kelly",8.43667514130175,1954,49,,/title/tt0047396/
2,Luces de la ciudad,"Charles Chaplin (dir.), Charles Chaplin, Virginia Cherrill",8.434157010597692,1931,50,,/title/tt0021749/
3,"Alien, el octavo pasajero","Ridley Scott (dir.), Sigourney Weaver, Tom Skerritt",8.434146436514002,1979,51,,/title/tt0078748/
4,Cinema Paradiso,"Giuseppe Tornatore (dir.), Philippe Noiret, Enzo Cannavale",8.432205588807117,1988,52,,/title/tt0095765/
1,Apocalipsis ahora,"Francis Ford Coppola (dir.), Martin Sheen, Marlon Brando",8.424370905597756,1979,53,,/title/tt0078788/
2,Amnesia,"Christopher Nolan (dir.), Guy Pearce, Carrie-Anne Moss",8.423249302285836,2000,54,,/title/tt0209144/
3,Los cazadores del arca perdida,"Steven Spielberg (dir.), Harrison Ford, Karen Allen",8.408880174264057,1981,55,,/title/tt0082971/
4,Django sin cadenas,"Quentin Tarantino (dir.), Jamie Foxx, Christoph Waltz",8.4055911317851,2012,56,,/title/tt1853728/
1,WALL·E,"Andrew Stanton (dir.), Ben Burtt, Elissa Knight",8.39390088840719,2008,57,,/title/tt0910970/
2,La vida de los otros,"Florian Henckel von Donnersmarck (dir.), Ulrich Mühe, Martina Gedeck",8.38548687037243,2006,58,,/title/tt0405094/
3,El ocaso de una vida,"Billy Wilder (dir.), William Holden, Gloria Swanson",8.381889803483373,1950,59,,/title/tt0043014/
4,La patrulla infernal,"Stanley Kubrick (dir.), Kirk Douglas, Ralph Meeker",8.372409057703765,1957,60,,/title/tt0050825/
1,El resplandor,"Stanley Kubrick (dir.), Jack Nicholson, Shelley Duvall",8.366190974818343,1980,61,,/title/tt0081505/
2,El gran dictador,"Charles Chaplin (dir.), Charles Chaplin, Paulette Goddard",8.366105262057822,1940,62,,/title/tt0032553/
3,Testigo de cargo,"Billy Wilder (dir.), Tyrone Power, Marlene Dietrich",8.359920354278888,1957,63,,/title/tt0051201/
4,Avengers: Infinity War,"Anthony Russo (dir.), Robert Downey Jr., Chris Hemsworth",8.359597866834635,2018,64,,/title/tt4154756/
1,Alien 2: El regreso,"James Cameron (dir.), Sigourney Weaver, Michael Biehn",8.343268862939277,1986,65,,/title/tt0090605/
2,Belleza americana,"Sam Mendes (dir.), Kevin Spacey, Annette Bening",8.334656655049065,1999,66,,/title/tt0169547/
3,Spider-Man: Un nuevo universo,"Bob Persichetti (dir.), Shameik Moore, Jake Johnson",8.333302130219433,2018,67,,/title/tt4633694/
4,Dr Insólito o Cómo aprendí a no preocuparme y amar la bomba,"Stanley Kubrick (dir.), Peter Sellers, George C. Scott",8.331225072192725,1964,68,,/title/tt0057012/
1,Batman: El caballero de la noche asciende,"Christopher Nolan (dir.), Christian Bale, Tom Hardy",8.327675255962394,2012,69,,/title/tt1345836/
2,Cinco días para vengarse,"Park Chan-wook (dir.), Choi Min-sik, Yoo Ji-tae",8.32035474971896,2003,70,,/title/tt0364569/
3,Guasón,"Todd Phillips (dir.), Joaquin Phoenix, Robert De Niro",8.316510808788312,2019,71,,/title/tt7286456/
4,Amadeus,"Milos Forman (dir.), F. Murray Abraham, Tom Hulce",8.316024323719484,1984,72,,/title/tt0086879/
1,Toy Story,"John Lasseter (dir.), Tom Hanks, Tim Allen",8.31418514027317,1995,73,,/title/tt0114709/
2,Bastardos sin gloria,"Quentin Tarantino (dir.), Brad Pitt, Diane Kruger",8.314142692976395,2009,74,,/title/tt0361748/
3,Corazón valiente,"Mel Gibson (dir.), Mel Gibson, Sophie Marceau",8.313993087891477,1995,75,,/title/tt0112573/
4,Coco,"Lee Unkrich (dir.), Anthony Gonzalez, Gael García Bernal",8.313917503436741,2017,76,,/title/tt2380307/
1,El submarino,"Wolfgang Petersen (dir.), Jürgen Prochnow, Herbert Grönemeyer",8.312211608484525,1981,77,,/title/tt0082096/
2,Top Gun: Maverick,"Joseph Kosinski (dir.), Tom Cruise, Jennifer Connelly",8.305745372584637,2022,78,,/title/tt1745960/
3,Avengers: Endgame,"Anthony Russo (dir.), Robert Downey Jr., Chris Evans",8.303935022852222,2019,79,,/title/tt4154796/
4,La princesa Mononoke,"Hayao Miyazaki (dir.), Yôji Matsuda, Yuriko Ishida",8.303407994071376,1997,80,,/title/tt0119698/
1,Érase una vez en América,"Sergio Leone (dir.), Robert De Niro, James Woods",8.297691913201222,1984,81,,/title/tt0087843/
2,Mente indomable,"Gus Van Sant (dir.), Robin Williams, Matt Damon",8.288706310601384,1997,82,,/title/tt0119217/
3,Your Name,"Makoto Shinkai (dir.), Ryûnosuke Kamiki, Mone Kamishiraishi",8.279157315884,2016,83,,/title/tt5311514/
4,Réquiem por un sueño,"Darren Aronofsky (dir.), Ellen Burstyn, Jared Leto",8.27593150220976,2000,84,,/title/tt0180093/
1,Toy Story 3,"Lee Unkrich (dir.), Tom Hanks, Tim Allen",8.274216622057248,2010,85,,/title/tt0435761/
2,Cantando bajo la lluvia,"Stanley Donen (dir.), Gene Kelly, Donald O'Connor",8.273594409722103,1952,86,,/title/tt0045152/
3,3 Idiots,"Rajkumar Hirani (dir.), Aamir Khan, Madhavan",8.273500746294042,2009,87,,/title/tt1187043/
4,Cielo e infierno,"Akira Kurosawa (dir.), Toshirô Mifune, Yutaka Sada",8.26872152635521,1963,88,,/title/tt0057565/
1,El regreso del Jedi,"Richard Marquand (dir.), Mark Hamill, Harrison Ford",8.265683106984964,1983,89,,/title/tt0086190/
2,2001: Odisea del espacio,"Stanley Kubrick (dir.), Keir Dullea, Gary Lockwood",8.26395950117152,1968,90,,/title/tt0062622/
3,Eterno resplandor de una mente sin recuerdos,"Michel Gondry (dir.), Jim Carrey, Kate Winslet",8.263217601812173,2004,91,,/title/tt0338013/
4,Perros de reserva,"Quentin Tarantino (dir.), Harvey Keitel, Tim Roth",8.262068262178587,1992,92,,/title/tt0105236/
1,Cafarnaúm: la ciudad olvidada,"Nadine Labaki (dir.), Zain Al Rafeea, Yordanos Shiferaw",8.261938041055851,2018,93,,/title/tt8267604/
2,La caza,"Thomas Vinterberg (dir.), Mads Mikkelsen, Thomas Bo Larsen",8.256081254417385,2012,94,,/title/tt2106476/
3,El ciudadano Kane,"Orson Welles (dir.), Orson Welles, Joseph Cotten",8.254836795126034,1941,95,,/title/tt0033467/
4,Lawrence de Arabia,"David Lean (dir.), Peter O'Toole, Alec Guinness",8.254163182131933,1962,96,,/title/tt0056172/
1,"M, el Maldito","Fritz Lang (dir.), Peter Lorre, Ellen Widmann",8.253585486374158,1931,97,,/title/tt0022100/
2,Ven y mira,"Elem Klimov (dir.), Aleksey Kravchenko, Olga Mironova",8.251798867545547,1985,98,,/title/tt0091251/
3,Intriga internacional,"Alfred Hitchcock (dir.), Cary Grant, Eva Marie Saint",8.249933074766034,1959,99,,/title/tt0053125/
4, De entre los muertos,"Alfred Hitchcock (dir.), James Stewart, Kim Novak",8.246200834381058,1958,10,,/title/tt0052357/
1,Amélie,"Jean-Pierre Jeunet (dir.), Audrey Tautou, Mathieu Kassovitz",8.244027474955425,2001,101,,/title/tt0211915/
2,Naranja mecánica,"Stanley Kubrick (dir.), Malcolm McDowell, Patrick Magee",8.242451789102724,1971,102,,/title/tt0066921/
3,Piso de soltero,"Billy Wilder (dir.), Jack Lemmon, Shirley MacLaine",8.239282722075325,1960,103,,/title/tt0053604/
4,Pacto de sangre,"Billy Wilder (dir.), Fred MacMurray, Barbara Stanwyck",8.238958059813777,1944,104,,/title/tt0036775/
1,Cara de guerra,"Stanley Kubrick (dir.), Matthew Modine, R. Lee Ermey",8.238589880224119,1987,105,,/title/tt0093058/
2,Vivir,"Akira Kurosawa (dir.), Takashi Shimura, Nobuo Kaneko",8.238179206049498,1952,106,,/title/tt0044741/
3,Caracortada,"Brian De Palma (dir.), Al Pacino, Michelle Pfeiffer",8.235126004714395,1983,107,,/title/tt0086250/
4,Hamilton,"Thomas Kail (dir.), Lin-Manuel Miranda, Phillipa Soo",8.234716725020139,2020,108,,/title/tt8503618/
1,El golpe,"George Roy Hill (dir.), Paul Newman, Robert Redford",8.227691757552117,1973,109,,/title/tt0070735/
2,Matar a un ruiseñor,"Robert Mulligan (dir.), Gregory Peck, John Megna",8.227201205892543,1962,110,,/title/tt0056592/
3,Fuego contra fuego,"Michael Mann (dir.), Al Pacino, Robert De Niro",8.224707343768515,1995,111,,/title/tt0113277/
4,"Up, una aventura de altura","Pete Docter (dir.), Edward Asner, Jordan Nagai",8.224443244735907,2009,112,,/title/tt1049413/
1,Taxi Driver,"Martin Scorsese (dir.), Robert De Niro, Jodie Foster",8.223978044752162,1976,113,,/title/tt0075314/
2,La mujer que cantaba,"Denis Villeneuve (dir.), Lubna Azabal, Mélissa Désormeaux-Poulin",8.223797072884384,2010,114,,/title/tt1255953/
3,Metrópolis,"Fritz Lang (dir.), Brigitte Helm, Alfred Abel",8.222191395581838,1927,115,,/title/tt0017136/
4,Una separación,"Asghar Farhadi (dir.), Payman Maadi, Leila Hatami",8.22171072620679,2011,116,,/title/tt1832382/
1,Los Ángeles al desnudo,"Curtis Hanson (dir.), Kevin Spacey, Russell Crowe",8.221679026965719,1997,117,,/title/tt0119488/
2,Snatch: Cerdos y diamantes,"Guy Ritchie (dir.), Jason Statham, Brad Pitt",8.218772918861262,2000,118,,/title/tt0208092/
3,Ladrones de bicicletas,"Vittorio De Sica (dir.), Lamberto Maggiorani, Enzo Staiola",8.218285496371724,1948,119,,/title/tt0040522/
4,Duro de matar,"John McTiernan (dir.), Bruce Willis, Alan Rickman",8.218142055636076,1988,120,,/title/tt0095016/
1,Indiana Jones y la última cruzada,"Steven Spielberg (dir.), Harrison Ford, Sean Connery",8.216969291019517,1989,121,,/title/tt0097576/
2,Like stars on Earth,"Aamir Khan (dir.), Darsheel Safary, Aamir Khan",8.21138817609636,2007,122,,/title/tt0986264/
3,1917,"Sam Mendes (dir.), Dean-Charles Chapman, George MacKay",8.211305136794774,2019,123,,/title/tt8579674/
4,La caída,"Oliver Hirschbiegel (dir.), Bruno Ganz, Alexandra Maria Lara",8.203748797071487,2004,124,,/title/tt0363163/
1,Por unos dólares más,"Sergio Leone (dir.), Clint Eastwood, Lee Van Cleef",8.201683092711045,1965,125,,/title/tt0059578/
2,Batman inicia,"Christopher Nolan (dir.), Christian Bale, Michael Caine",8.199829337432528,2005,126,,/title/tt0372784/
3,Dangal,"Nitesh Tiwari (dir.), Aamir Khan, Sakshi Tanwar",8.199000642880794,2016,127,,/title/tt5074352/
4,El chico,"Charles Chaplin (dir.), Charles Chaplin, Edna Purviance",8.193622277545073,1921,128,,/title/tt0012349/
1,Una Eva y dos Adanes,"Billy Wilder (dir.), Marilyn Monroe, Tony Curtis",8.191876467237492,1959,129,,/title/tt0053291/
2,La malvada,"Joseph L. Mankiewicz (dir.), Bette Davis, Anne Baxter",8.180754217537364,1950,130,,/title/tt0042192/
3,El padre,"Florian Zeller (dir.), Anthony Hopkins, Olivia Colman",8.180511969681556,2020,131,,/title/tt10272386/
4,Green Book Una amistad sin fronteras,"Peter Farrelly (dir.), Viggo Mortensen, Mahershala Ali",8.175934812660277,2018,132,,/title/tt6966692/
1,El lobo de Wall Street,"Martin Scorsese (dir.), Leonardo DiCaprio, Jonah Hill",8.174466357779464,2013,133,,/title/tt0993846/
2,Juicio en Nuremberg,"Stanley Kramer (dir.), Spencer Tracy, Burt Lancaster",8.16999235017109,1961,134,,/title/tt0055031/
3,Ran,"Akira Kurosawa (dir.), Tatsuya Nakadai, Akira Terao",8.165558813811051,1985,135,,/title/tt0089881/
4,Casino,"Martin Scorsese (dir.), Robert De Niro, Sharon Stone",8.163912645143263,1995,136,,/title/tt0112641/
1,El laberinto del fauno,"Guillermo del Toro (dir.), Ivana Baquero, Ariadna Gil",8.162184180019215,2006,137,,/title/tt0457430/
2,Los imperdonables,"Clint Eastwood (dir.), Clint Eastwood, Gene Hackman",8.161391626209943,1992,138,,/title/tt0105695/
3,Petróleo sangriento,"Paul Thomas Anderson (dir.), Daniel Day-Lewis, Paul Dano",8.157939947895793,2007,139,,/title/tt0469494/
4,Spider-Man: Sin Camino A Casa,"Jon Watts (dir.), Tom Holland, Zendaya",8.156046360790022,2021,140,,/title/tt10872600/
1,The Truman Show: Historia de una vida,"Peter Weir (dir.), Jim Carrey, Ed Harris",8.155845023764707,1998,141,,/title/tt0120382/
2,El sexto sentido,"M. Night Shyamalan (dir.), Bruce Willis, Haley Joel Osment",8.153568113488054,1999,142,,/title/tt0167404/
3,Una mente brillante,"Ron Howard (dir.), Russell Crowe, Ed Harris",8.152032983759039,2001,143,,/title/tt0268978/
4,Yojimbo,"Akira Kurosawa (dir.), Toshirô Mifune, Eijirô Tôno",8.14984118168214,1961,144,,/title/tt0055630/
1,Monty Python y el santo grial,"Terry Gilliam (dir.), Graham Chapman, John Cleese",8.149684700353854,1975,145,,/title/tt0071853/
2,El tesoro de la Sierra Madre,"John Huston (dir.), Humphrey Bogart, Walter Huston",8.14812787550985,1948,146,,/title/tt0040897/
3,La isla siniestra,"Martin Scorsese (dir.), Leonardo DiCaprio, Emily Mortimer",8.147655054962822,2010,147,,/title/tt1130884/
4,Parque jurásico,"Steven Spielberg (dir.), Sam Neill, Laura Dern",8.145554106505575,1993,148,,/title/tt0107290/
1,Rashomon,"Akira Kurosawa (dir.), Toshirô Mifune, Machiko Kyô",8.142251939816315,1950,149,,/title/tt0042876/
2,El gran escape,"John Sturges (dir.), Steve McQueen, James Garner",8.141447178031436,1963,150,,/title/tt0057115/
3,Kill Bill La venganza (volumen 1),"Quentin Tarantino (dir.), Uma Thurman, David Carradine",8.137868961857189,volumen 1,151,,/title/tt0266697/
4,Sin lugar para los débiles,"Ethan Coen (dir.), Tommy Lee Jones, Javier Bardem",8.137180576780061,2007,152,,/title/tt0477348/
1,Buscando a Nemo,"Andrew Stanton (dir.), Albert Brooks, Ellen DeGeneres",8.131431883712938,2003,153,,/title/tt0266543/
2,El hombre elefante,"David Lynch (dir.), Anthony Hopkins, John Hurt",8.12972246068824,1980,154,,/title/tt0080678/
3,La cosa del otro mundo,"John Carpenter (dir.), Kurt Russell, Wilford Brimley",8.128531741616397,1982,155,,/title/tt0084787/
4,Barrio Chino,"Roman Polanski (dir.), Jack Nicholson, Faye Dunaway",8.128518415021208,1974,156,,/title/tt0071315/
1,El toro salvaje,"Martin Scorsese (dir.), Robert De Niro, Cathy Moriarty",8.127636128363378,1980,157,,/title/tt0081398/
2,Lo que el viento se llevó,"Victor Fleming (dir.), Clark Gable, Vivien Leigh",8.124591394182529,1939,158,,/title/tt0031381/
3,V de Venganza,"James McTeigue (dir.), Hugo Weaving, Natalie Portman",8.124447287449184,2005,159,,/title/tt0434409/
4,Intensa Mente,"Pete Docter (dir.), Amy Poehler, Bill Hader",8.122797748578483,2015,160,,/title/tt2096673/
1,"Juegos, trampas y dos pistolas humeantes","Guy Ritchie (dir.), Jason Flemyng, Dexter Fletcher",8.121897610383774,1998,161,,/title/tt0120735/
2,Con M de Muerte,"Alfred Hitchcock (dir.), Ray Milland, Grace Kelly",8.120003293445093,1954,162,,/title/tt0046912/
3,El secreto de sus ojos,"Juan José Campanella (dir.), Ricardo Darín, Soledad Villamil",8.117825208308552,2009,163,,/title/tt1305806/
4,El increíble castillo vagabundo,"Hayao Miyazaki (dir.), Chieko Baishô, Takuya Kimura",8.115495736936412,2004,164,,/title/tt0347149/
1,El puente sobre el río Kwai,"David Lean (dir.), William Holden, Alec Guinness",8.112517137217036,1957,165,,/title/tt0050212/
2,Tres anuncios por un crimen,"Martin McDonagh (dir.), Frances McDormand, Woody Harrelson",8.111746152030989,2017,166,,/title/tt5027774/
3,La vida en el abismo,"Danny Boyle (dir.), Ewan McGregor, Ewen Bremner",8.111098906608127,1996,167,,/title/tt0117951/
4,La última pelea,"Gavin O'Connor (dir.), Tom Hardy, Nick Nolte",8.103668758962232,2011,168,,/title/tt1291584/
1,Gran Torino,"Clint Eastwood (dir.), Clint Eastwood, Bee Vang",8.103118226943717,2008,169,,/title/tt1205489/
2,"Fargo, secuestro voluntario","Joel Coen (dir.), William H. Macy, Frances McDormand",8.102544387282261,1996,170,,/title/tt0116282/
3,Intriga,"Denis Villeneuve (dir.), Hugh Jackman, Jake Gyllenhaal",8.099968843218113,2013,171,,/title/tt1392214/
4,Mi vecino Totoro,"Hayao Miyazaki (dir.), Hitoshi Takagi, Noriko Hidaka",8.093811147514044,1988,172,,/title/tt0096283/
1,Golpes del destino,"Clint Eastwood (dir.), Hilary Swank, Clint Eastwood",8.089423674003566,2004,173,,/title/tt0405159/
2,Atrápame si puedes,"Steven Spielberg (dir.), Leonardo DiCaprio, Tom Hanks",8.08853296525339,2002,174,,/title/tt0264464/
3,La quimera del oro,"Charles Chaplin (dir.), Charles Chaplin, Mack Swain",8.086519206988084,1925,175,,/title/tt0015864/
4,Los niños del cielo,"Majid Majidi (dir.), Mohammad Amir Naji, Amir Farrokh Hashemian",8.085357991465205,1997,176,,/title/tt0118849/
1,Blade Runner,"Ridley Scott (dir.), Harrison Ford, Rutger Hauer",8.085076981546953,1982,177,,/title/tt0083658/
2,Nido de ratas,"Elia Kazan (dir.), Marlon Brando, Karl Malden",8.082409117065126,1954,178,,/title/tt0047296/
3,12 años esclavo,"Steve McQueen (dir.), Chiwetel Ejiofor, Michael Kenneth Williams",8.079802176186512,2013,179,,/title/tt2024544/
4,Antes del amanecer,"Richard Linklater (dir.), Ethan Hawke, Julie Delpy",8.079765751711609,1995,180,,/title/tt0112471/
1,El tercer hombre,"Carol Reed (dir.), Orson Welles, Joseph Cotten",8.07971907102496,1949,181,,/title/tt0041959/
2,Fresas silvestres,"Ingmar Bergman (dir.), Victor Sjöström, Bibi Andersson",8.078909588038961,1957,182,,/title/tt0050986/
3,Harry Potter y las reliquias de la muerte 2,"David Yates (dir.), Daniel Radcliffe, Emma Watson",8.078095624438479,2011,183,,/title/tt1201607/
4,Ben-Hur,"William Wyler (dir.), Charlton Heston, Jack Hawkins",8.077741415030538,1959,184,,/title/tt0052618/
1,Perdida,"David Fincher (dir.), Ben Affleck, Rosamund Pike",8.077053982470659,2014,185,,/title/tt2267998/
2,La General,"Clyde Bruckman (dir.), Buster Keaton, Marion Mack",8.077011732625005,1926,186,,/title/tt0017925/
3,El francotirador,"Michael Cimino (dir.), Robert De Niro, Christopher Walken",8.075391784947751,1978,187,,/title/tt0077416/
4,El gran hotel Budapest,"Wes Anderson (dir.), Ralph Fiennes, F. Murray Abraham",8.07423737589351,2014,188,,/title/tt2278388/
1,En el nombre del padre,"Jim Sheridan (dir.), Daniel Day-Lewis, Pete Postlethwaite",8.074230977609972,1993,189,,/title/tt0107207/
2,Barry Lyndon,"Stanley Kubrick (dir.), Ryan O'Neal, Marisa Berenson",8.072898313303968,1975,190,,/title/tt0072684/
3,El salario del miedo,"Henri-Georges Clouzot (dir.), Yves Montand, Charles Vanel",8.072231046778974,1953,191,,/title/tt0046268/
4,Sherlock Jr,"Buster Keaton (dir.), Buster Keaton, Kathryn McGuire",8.069615667982234,1924,192,,/title/tt0015324/
1,Caballero sin espada,"Frank Capra (dir.), James Stewart, Jean Arthur",8.069469857979147,1939,193,,/title/tt0031679/
2,Salinui chueok,"Bong Joon Ho (dir.), Song Kang-ho, Kim Sang-kyung",8.06881763338055,2003,194,,/title/tt0353969/
3,Hasta el último hombre,"Mel Gibson (dir.), Andrew Garfield, Sam Worthington",8.068620458096303,2016,195,,/title/tt2119532/
4,Klaus,"Sergio Pablos (dir.), Jason Schwartzman, J.K. Simmons",8.068524409880007,2019,196,,/title/tt4729430/
1,Relatos salvajes,"Damián Szifron (dir.), Darío Grandinetti, María Marull",8.066906813133324,2014,197,,/title/tt3011894/
2,El séptimo sello,"Ingmar Bergman (dir.), Max von Sydow, Gunnar Björnstrand",8.065691622478052,1957,198,,/title/tt0050976/
3,Room,"Lenny Abrahamson (dir.), Brie Larson, Jacob Tremblay",8.064182441395328,2015,199,,/title/tt3170832/
4,Mad Max: Furia en el camino,"George Miller (dir.), Tom Hardy, Charlize Theron",8.063244499492434,2015,200,,/title/tt1392190/
1,Mary and Max,"Adam Elliot (dir.), Toni Collette, Philip Seymour Hoffman",8.061849800528568,2009,201,,/title/tt0978762/
2,Cómo entrenar a tu dragón,"Dean DeBlois (dir.), Jay Baruchel, Gerard Butler",8.061545805719478,2010,202,,/title/tt0892769/
3,Identidad peligrosa,"Joel Coen (dir.), Jeff Bridges, John Goodman",8.060765670346807,1998,203,,/title/tt0118715/
4,"Monsters, Inc","Pete Docter (dir.), Billy Crystal, John Goodman",8.05963316388951,2001,204,,/title/tt0198781/
1,Tiburón,"Steven Spielberg (dir.), Roy Scheider, Robert Shaw",8.059548006814182,1975,205,,/title/tt0073195/
2,Cuentos de Tokio,"Yasujirô Ozu (dir.), Chishû Ryû, Chieko Higashiyama",8.0572258579865,1953,206,,/title/tt0046438/
3,La pasión de Juana de Arco,"Carl Theodor Dreyer (dir.), Maria Falconetti, Eugene Silvain",8.056843138773694,1928,207,,/title/tt0019254/
4,La sociedad de los poetas muertos,"Peter Weir (dir.), Robin Williams, Robert Sean Leonard",8.055301641194994,1989,208,,/title/tt0097165/
1,Hotel Ruanda,"Terry George (dir.), Don Cheadle, Sophie Okonedo",8.051872885056035,2004,209,,/title/tt0395169/
2,Contra lo imposible,"James Mangold (dir.), Matt Damon, Christian Bale",8.047275986732867,2019,210,,/title/tt1950186/
3,Rocky,"John G. Avildsen (dir.), Sylvester Stallone, Talia Shire",8.046418242494536,1976,211,,/title/tt0075148/
4,Pelotón,"Oliver Stone (dir.), Charlie Sheen, Tom Berenger",8.046042513986613,1986,212,,/title/tt0091763/
1,La canción del camino,"Satyajit Ray (dir.), Kanu Bannerjee, Karuna Bannerjee",8.04109152876727,1955,213,,/title/tt0048473/
2,Todo En Todas Partes Al Mismo Tiempo,"Dan Kwan (dir.), Michelle Yeoh, Stephanie Hsu",8.040709910503415,2022,214,,/title/tt6710474/
3,Cuenta conmigo,"Rob Reiner (dir.), Wil Wheaton, River Phoenix",8.04043420760131,1986,215,,/title/tt0092005/
4,Terminator,"James Cameron (dir.), Arnold Schwarzenegger, Linda Hamilton",8.040161082281653,1984,216,,/title/tt0088247/
1,En primera plana,"Tom McCarthy (dir.), Mark Ruffalo, Michael Keaton",8.03999540248966,2015,217,,/title/tt1895587/
2,Rush: Pasión y gloria,"Ron Howard (dir.), Daniel Brühl, Chris Hemsworth",8.037797416127924,2013,218,,/title/tt1979320/
3,Logan: Wolverine,"James Mangold (dir.), Hugh Jackman, Patrick Stewart",8.037717822817443,2017,219,,/title/tt3315342/
4,Ratatouille,"Brad Bird (dir.), Brad Garrett, Lou Romano",8.036995255491195,2007,220,,/title/tt0382932/
1,Poder que mata,"Sidney Lumet (dir.), Faye Dunaway, William Holden",8.036422437787088,1976,221,,/title/tt0074958/
2,Camino salvaje,"Sean Penn (dir.), Emile Hirsch, Vince Vaughn",8.034962585009485,2007,222,,/title/tt0758758/
3,El mago de Oz,"Victor Fleming (dir.), Judy Garland, Frank Morgan",8.032600687072044,1939,223,,/title/tt0032138/
4,Antes del atardecer,"Richard Linklater (dir.), Ethan Hawke, Julie Delpy",8.030651715392558,2004,224,,/title/tt0381681/
1,Hechizo del tiempo,"Harold Ramis (dir.), Bill Murray, Andie MacDowell",8.029508759368783,1993,225,,/title/tt0107048/
2,El exorcista,"William Friedkin (dir.), Ellen Burstyn, Max von Sydow",8.027084108662738,1973,226,,/title/tt0070047/
3,Jai Bhim,"T.J. Gnanavel (dir.), Suriya, Lijo Mol Jose",8.02555152290513,2021,227,,/title/tt15097216/
4,Los mejores años de nuestras vidas,"William Wyler (dir.), Myrna Loy, Dana Andrews",8.025486641982926,1946,228,,/title/tt0036868/
1,Ser o no ser,"Ernst Lubitsch (dir.), Carole Lombard, Jack Benny",8.025475407288658,1942,229,,/title/tt0035446/
2,Los increíbles,"Brad Bird (dir.), Craig T. Nelson, Samuel L. Jackson",8.025117679201532,2004,230,,/title/tt0317705/
3,La batalla de Argel,"Gillo Pontecorvo (dir.), Brahim Hadjadj, Jean Martin",8.024279012690444,1966,231,,/title/tt0058946/
4,Siempre a tu lado,"Lasse Hallström (dir.), Richard Gere, Joan Allen",8.02223363324857,2009,232,,/title/tt1028532/
1,Las viñas de la ira,"John Ford (dir.), Henry Fonda, Jane Darwell",8.021565435447215,1940,233,,/title/tt0032551/
2,"Rebeca, una mujer inolvidable","Alfred Hitchcock (dir.), Laurence Olivier, Joan Fontaine",8.02132360407838,1940,234,,/title/tt0032976/
3,Amores perros,"Alejandro G. Iñárritu (dir.), Emilio Echevarría, Gael García Bernal",8.021158851621381,2000,235,,/title/tt0245712/
4,Babam ve Oglum,"Cagan Irmak (dir.), Çetin Tekindor, Fikret Kuskan",8.02113724548406,2005,236,,/title/tt0476735/
1,Piratas del Caribe - La maldición del Perla Negra,"Gore Verbinski (dir.), Johnny Depp, Geoffrey Rush",8.020954342067657,2003,237,,/title/tt0325980/
2,La haine,"Mathieu Kassovitz (dir.), Vincent Cassel, Hubert Koundé",8.020420923548416,1995,238,,/title/tt0113247/
3,La leyenda del indomable,"Stuart Rosenberg (dir.), Paul Newman, George Kennedy",8.02003871121083,1967,239,,/title/tt0061512/
4,Los 400 golpes,"François Truffaut (dir.), Jean-Pierre Léaud, Albert Rémy",8.01631412693401,1959,240,,/title/tt0053198/
1,Persona,"Ingmar Bergman (dir.), Bibi Andersson, Liv Ullmann",8.015204357244492,1966,241,,/title/tt0060827/
2,Sucedió una noche,"Frank Capra (dir.), Clark Gable, Claudette Colbert",8.013455745955687,1934,242,,/title/tt0025316/
3,The Handmaiden,"Park Chan-wook (dir.), Kim Min-hee, Ha Jung-woo",8.013449967849322,2016,243,,/title/tt4016934/
4,La novicia rebelde,"Robert Wise (dir.), Julie Andrews, Christopher Plummer",8.01261291271225,1965,244,,/title/tt0059742/
1,La vida de Brian,"Terry Jones (dir.), Graham Chapman, John Cleese",8.012592032504122,1979,245,,/title/tt0079470/
2,Dersu Uzala,"Akira Kurosawa (dir.), Maksim Munzuk, Yuriy Solomin",8.009086750502194,1975,246,,/title/tt0071411/
3,Gandhi,"Richard Attenborough (dir.), Ben Kingsley, John Gielgud",8.005161348333376,1982,247,,/title/tt0083987/
4,Historias cruzadas,"Tate Taylor (dir.), Viola Davis, Emma Stone",8.005153875689228,2011,248,,/title/tt1454029/
1,Aladdín,"Ron Clements (dir.), Scott Weinger, Robin Williams",8.00483090999335,1992,249,,/title/tt0103639/
2,El gigante de hierro,"Brad Bird (dir.), Eli Marienthal, Harry Connick Jr.",8.00372418713531,1999,250,,/title/tt0129167/
